id,y
1,80.44377
2,96.131744
3,80.435524
4,78.78699
5,110.483734
8,91.71792
10,110.26674
11,92.42418
12,113.87949
14,92.766365
15,113.86673
16,103.21135
17,98.02866
19,92.70481
20,102.88591
21,100.67409
22,114.01973
23,98.02866
26,92.61887
28,92.39404
29,98.02866
33,98.02866
35,92.64427
41,95.441055
42,94.09697
43,115.705215
45,103.73316
46,103.9963
51,94.14239
53,79.47515
55,112.45088
56,94.01171
57,104.074036
58,95.04581
59,103.55756
63,112.3265
64,94.96499
65,105.23462
69,95.03335
71,95.313126
72,103.76532
73,94.77025
76,103.6077
77,104.76973
78,115.780106
82,94.77025
83,105.23462
84,94.0923
85,103.88711
87,112.34471
88,95.441055
89,112.77274
91,93.87468
93,95.04553
94,104.547104
95,94.08728
96,112.3257
97,93.51588
98,112.29736
99,93.88793
101,104.07686
103,112.77274
104,94.011894
105,112.07873
110,95.26633
111,112.29346
113,112.14849
114,93.91919
115,112.30304
117,112.77274
120,93.917755
121,112.28746
122,93.74979
123,112.50779
126,112.43995
132,112.616104
135,104.91466
137,103.940125
138,94.87044
140,94.01171
142,112.181335
144,112.40966
148,93.5914
149,112.4496
155,93.87115
156,112.36925
157,93.51588
162,112.29003
163,95.20956
167,94.11559
172,115.705215
179,112.506935
180,93.88776
181,112.053505
182,94.995605
183,112.77274
185,112.77274
187,112.296776
188,94.77025
189,94.105
191,93.860176
192,112.83337
193,94.40212
194,112.350494
195,93.99073
196,112.47646
198,95.16911
199,112.40966
201,104.82265
204,94.71888
205,105.70343
206,94.2195
210,94.15406
211,104.07686
216,112.34567
219,115.879745
220,93.925415
221,112.31343
226,112.053505
227,94.00346
228,112.35023
230,112.33191
231,93.51588
235,115.92457
236,93.85906
238,112.3362
242,104.45337
243,93.87468
244,79.07499
245,111.81172
247,112.31648
248,93.64319
249,94.0601
250,112.26936
251,93.85906
253,115.92457
254,94.02602
256,94.05413
257,93.448166
258,112.331055
259,93.88793
262,80.16393
266,93.85785
267,112.26936
272,103.85799
273,112.77274
275,94.21909
276,113.01569
279,94.88827
280,105.23462
283,93.82984
285,112.35023
288,112.77274
289,99.76059
290,104.83709
291,94.74896
292,112.219696
293,112.310165
296,93.88064
297,112.124115
298,115.53056
299,94.32055
304,93.70179
305,78.782104
306,93.929306
307,111.79312
311,107.3153
313,111.79312
314,93.6887
316,94.72701
324,94.061935
327,96.39807
329,93.62863
330,112.13448
337,104.46782
338,94.47444
339,104.66686
340,94.49553
343,93.53978
345,115.48369
346,93.872444
347,112.08301
349,111.79072
350,93.69477
352,112.25689
353,93.448074
354,78.977844
357,93.661316
358,112.36432
362,112.03144
364,115.85505
365,103.705025
366,94.36643
367,112.14363
368,94.26286
370,78.454384
373,94.61082
377,93.75466
378,112.06115
382,103.28998
384,112.11187
390,93.92183
392,112.091286
393,112.076645
395,94.506294
396,104.81505
399,78.55909
406,111.79312
408,111.79312
409,93.77406
410,78.30496
412,112.22264
413,93.26414
419,93.74652
420,112.226654
421,93.36385
430,102.98506
434,93.89456
436,94.28021
437,93.798706
438,93.406425
439,112.15855
440,93.82461
443,112.24704
446,94.26843
448,93.44037
452,93.95816
453,103.78606
457,104.35156
458,93.92712
459,114.16297
460,103.813774
462,104.37919
464,103.75775
465,115.49663
467,116.333176
471,112.07958
472,78.287415
473,93.6552
475,94.26843
480,94.59755
488,111.84959
490,111.79312
491,103.56759
492,78.56478
493,93.82805
497,93.66368
498,111.93127
499,94.45003
500,103.40056
501,93.92712
502,112.0783
506,79.36378
510,111.903465
511,93.60997
512,93.62863
516,93.55134
518,93.74844
519,112.07044
521,93.36955
522,112.14844
526,112.23773
529,93.98321
532,112.09038
533,93.60649
536,112.23944
537,103.00195
539,94.32055
540,103.66799
541,94.264435
543,93.838165
546,112.1654
547,93.55183
548,79.58862
551,93.74818
552,103.80199
556,104.06724
557,94.55394
558,112.14363
559,94.37701
560,105.067
562,105.12343
566,94.68944
570,111.93127
571,93.798706
572,104.75629
573,94.32055
575,115.49663
576,112.26995
577,93.873566
579,93.43997
580,112.06697
581,112.19428
589,111.79312
591,103.24694
593,94.38146
594,103.156586
595,94.144226
598,93.7311
602,112.13523
604,111.95711
606,111.51711
608,94.36643
609,103.69588
610,93.89903
616,111.968636
617,94.506256
618,103.10889
620,103.733604
622,113.29886
623,93.26805
624,114.45551
626,112.072426
628,112.08968
629,93.79168
630,112.09925
637,94.41698
638,104.53823
643,95.03856
645,94.59755
646,116.15009
648,94.85266
652,94.68944
653,93.798706
654,111.93127
656,112.00746
657,94.15235
659,92.174194
660,103.88983
663,93.75989
664,112.1701
666,104.06996
668,112.15165
669,93.3606
671,94.55394
675,93.55134
677,93.6581
678,111.45683
679,104.18645
682,94.57554
685,103.948006
687,94.67047
688,93.801704
693,112.39229
696,96.64915
698,94.7692
701,93.96913
704,104.4472
705,115.77205
709,112.35762
710,93.74424
711,104.33729
712,94.91329
714,112.0542
715,93.70827
716,112.02434
717,93.98213
720,115.75245
721,93.81132
724,103.421715
725,94.71152
726,112.241
728,112.56569
731,93.775764
734,104.06976
738,93.92532
745,112.235695
746,93.819374
751,78.63933
754,93.761856
756,93.86076
758,93.92756
759,113.62835
761,115.80158
766,94.32095
767,112.38849
768,93.3977
769,112.468475
770,94.902565
771,78.61747
772,104.004234
773,93.896126
774,112.077286
776,112.31107
777,94.01579
780,115.582466
782,103.899345
787,103.52197
788,94.62877
792,93.3977
793,112.33523
798,94.17462
800,93.68418
806,112.02434
809,112.298386
811,112.51589
812,93.523506
814,115.75681
816,103.823326
817,94.67088
818,107.44172
820,112.12636
823,94.06153
829,93.63796
830,113.54337
831,93.396805
834,112.22595
839,93.99436
841,79.29516
844,103.927246
845,94.02978
848,93.91202
850,95.28486
851,104.01192
852,92.40413
854,93.67186
855,95.15002
856,103.76305
859,103.789566
861,112.077286
864,93.91292
865,112.07301
866,93.781
867,93.60546
869,94.97373
871,93.64493
872,112.02434
882,103.52256
883,94.02529
885,94.52162
888,96.657486
893,112.020065
901,111.69449
903,103.798676
904,94.77676
905,104.004234
910,94.840546
911,112.378944
914,112.55732
918,112.58008
921,93.41859
928,93.896126
929,104.004234
932,93.80501
933,104.93377
934,94.840546
935,112.23639
937,78.53902
939,94.62877
940,103.82357
941,93.97608
942,103.81229
943,94.77341
944,103.98573
947,112.02434
949,112.20594
951,112.14234
952,94.72525
953,103.798676
954,78.74015
957,112.31107
959,93.57025
960,115.55921
963,115.75681
965,112.02434
967,103.96303
971,94.17202
972,78.71035
973,94.637344
974,112.32269
975,94.06274
978,116.932365
980,112.48451
981,94.77341
984,112.5833
986,94.840546
988,93.3977
989,112.155876
990,103.640015
992,111.69449
996,93.933784
999,112.50521
1000,93.705765
1001,112.07301
1002,93.402145
1003,112.31107
1004,93.3977
1008,112.22595
1009,92.11826
1010,104.94943
1012,116.905945
1013,93.80644
1014,112.56918
1015,93.70567
1016,115.75245
1019,93.692764
1020,112.36517
1021,94.840546
1022,104.41403
1024,94.840546
1025,79.195175
1027,94.95643
1028,104.00592
1029,93.82845
1030,94.65179
1033,112.37477
1036,94.15244
1037,112.037636
1038,93.6376
1042,94.62877
1043,103.92283
1044,93.91618
1045,112.25089
1047,114.37057
1050,93.96398
1051,112.02434
1054,94.06153
1056,94.77341
1057,94.02529
1059,94.77942
1062,101.56219
1063,104.45083
1064,94.77341
1066,93.9354
1070,103.94875
1076,112.25089
1077,101.42474
1078,112.361855
1080,112.206314
1082,112.34096
1083,96.657486
1089,112.84117
1091,96.87075
1093,94.967026
1097,95.310265
1099,93.87772
1101,95.045944
1103,94.23185
1104,112.385864
1106,112.414856
1109,94.02722
1110,112.41689
1111,95.34853
1112,114.51032
1114,94.237335
1116,93.95986
1117,112.38672
1120,94.02906
1124,112.423805
1125,93.76329
1126,112.5094
1134,112.3273
1137,93.73254
1138,112.37905
1144,112.13892
1145,94.45994
1146,93.982086
1148,94.23185
1150,94.02906
1152,104.194496
1153,95.00611
1154,104.028435
1155,94.88546
1157,93.81369
1162,94.88546
1165,112.45839
1166,94.361435
1167,104.52297
1168,95.045944
1169,103.98569
1171,116.18821
1172,95.333534
1173,103.98569
1174,94.05893
1176,95.52479
1177,104.10108
1178,93.89756
1182,112.440056
1186,95.045944
1187,112.55984
1188,94.15711
1189,116.043144
1191,103.93666
1192,94.88546
1197,112.32414
1198,93.91534
1200,78.742035
1201,94.20992
1203,95.30172
1209,116.14329
1214,104.383415
1218,111.84697
1222,93.97729
1226,94.960144
1228,94.3259
1230,94.020096
1232,78.88469
1233,95.7408
1236,114.7847
1238,94.071175
1241,112.13892
1244,105.17367
1246,93.98146
1247,112.317986
1250,112.281624
1251,93.93598
1254,112.80937
1255,93.894875
1256,111.61442
1257,93.62082
1258,94.048615
1259,112.1432
1260,94.89415
1263,112.13213
1267,78.78849
1268,112.19695
1271,94.88546
1272,112.13213
1274,104.19211
1275,94.88546
1276,112.13635
1277,93.814766
1279,93.982086
1281,94.42036
1282,94.15711
1283,112.39953
1285,112.369835
1286,93.73254
1289,112.35537
1296,112.64016
1299,94.02906
1301,94.078125
1306,93.68843
1307,93.89313
1308,94.02817
1313,112.13635
1314,95.015495
1315,112.41689
1316,94.0465
1317,112.13635
1319,94.01436
1323,95.045944
1324,104.16166
1325,94.120255
1328,104.56749
1329,95.03516
1330,112.200005
1331,94.35055
1332,104.049866
1337,95.04952
1338,112.381035
1339,93.626884
1340,112.34182
1343,112.790924
1347,104.28839
1348,93.927025
1349,104.15362
1352,93.9772
1354,95.49851
1359,112.42118
1360,95.041
1363,112.122185
1364,96.86239
1365,104.11081
1366,94.816216
1372,94.90116
1375,104.17368
1376,94.23172
1378,93.75144
1379,112.76925
1380,95.041
1381,103.96734
1384,112.34487
1387,94.02794
1388,112.346855
1392,78.591125
1394,104.61976
1395,94.95109
1396,112.122185
1398,94.10962
1399,112.122185
1400,94.186615
1401,94.03188
1403,94.338
1404,112.618576
1406,112.122185
1407,94.236206
1408,112.117966
1410,78.78439
1412,112.122185
1413,94.7952
1415,95.06054
1420,112.117966
1422,111.828094
1423,107.58798
1424,112.117966
1425,94.89962
1426,78.78439
1427,95.284904
1429,93.5202
1430,112.35591
1431,95.49851
1432,104.294014
1434,112.488106
1437,94.884285
1438,104.26109
1440,112.423325
1441,112.37477
1442,93.89268
1444,112.48558
1445,95.06054
1446,104.17398
1448,93.811584
1453,94.07485
1454,112.122185
1455,94.884285
1456,112.33111
1458,112.122185
1459,93.71595
1461,94.25091
1465,94.02794
1466,112.3512
1469,95.041
1472,94.07485
1474,94.276436
1477,112.47609
1479,112.31702
1482,94.22152
1483,78.74864
1487,95.20951
1488,112.18583
1490,112.459465
1492,112.06708
1494,115.92988
1496,103.63062
1497,94.3726
1499,95.333534
1502,93.88323
1507,112.190056
1508,93.9772
1509,112.333244
1511,93.89792
1512,112.67911
1513,115.89373
1514,103.87814
1518,112.4393
1519,93.51708
1522,112.35462
1524,78.742035
1527,93.89268
1529,93.903465
1532,104.060486
1536,112.43501
1537,116.04381
1539,104.74041
1542,112.33689
1543,94.23172
1544,103.905045
1545,79.38785
1550,94.23172
1551,112.44139
1554,105.765045
1556,104.180336
1559,93.62082
1560,78.780304
1562,95.23912
1566,93.524704
1567,112.40076
1569,104.04183
1570,114.481606
1571,112.35462
1574,93.9772
1578,104.15232
1580,93.69647
1583,112.536224
1584,93.9772
1585,112.70259
1586,96.65855
1587,112.414856
1588,93.51708
1590,115.8144
1592,103.5952
1596,112.53682
1598,112.28719
1599,94.236206
1604,114.82685
1606,103.654495
1607,94.7952
1608,103.80719
1609,116.08869
1611,94.906685
1613,94.99737
1616,95.477745
1619,112.4866
1620,93.74201
1621,112.39652
1622,93.86134
1625,111.88239
1627,116.08869
1629,112.1601
1634,94.9008
1636,94.110565
1638,104.035034
1639,93.91372
1641,95.284904
1643,94.95109
1644,103.64763
1645,115.934296
1646,94.29465
1647,105.77145
1648,94.87831
1652,93.69647
1653,112.473564
1656,94.14373
1658,94.236206
1659,112.40692
1661,94.35896
1663,94.7952
1664,112.669334
1665,94.884285
1666,104.180336
1667,103.909004
1668,78.91027
1669,103.797386
1670,94.95109
1672,112.45341
1674,112.75758
1677,112.18583
1678,93.86417
1679,112.37247
1680,94.02242
1683,104.11677
1686,104.24862
1687,111.83236
1689,112.593285
1690,94.00131
1691,116.03938
1692,112.59559
1693,93.9772
1695,94.198784
1696,94.07485
1697,112.42354
1700,104.180336
1701,95.1301
1702,112.414856
1703,93.49617
1704,112.23024
1706,95.402336
1707,112.70061
1708,95.04712
1710,95.07822
1711,104.092995
1713,104.52123
1717,104.09468
1719,104.15232
1720,94.236206
1722,94.8727
1725,103.771355
1726,95.04295
1727,104.47121
1729,112.37054
1730,93.69647
1731,112.183365
1733,104.180336
1734,94.889984
1735,111.828094
1738,94.99737
1742,94.098946
1745,112.75758
1747,95.1301
1749,94.79171
1751,94.786835
1752,78.88036
1753,104.63268
1754,94.097595
1755,94.59047
1756,104.73846
1758,112.628136
1759,94.64628
1760,104.819244
1761,112.4222
1762,93.61519
1763,112.10663
1764,91.70764
1766,94.930305
1768,94.193085
1769,78.7741
1771,112.32661
1772,93.92993
1773,104.30734
1774,95.02532
1775,112.339676
1777,112.351944
1779,94.64628
1780,105.24786
1787,93.3977
1788,93.72306
1790,94.623985
1796,112.34386
1801,93.55722
1803,94.52176
1807,112.40328
1809,112.72001
1812,93.74697
1813,112.45582
1814,93.944496
1815,112.35028
1816,94.07624
1818,93.76942
1820,93.79624
1821,114.4016
1822,94.548035
1825,93.7303
1826,104.027794
1828,94.786835
1831,103.96506
1836,112.78027
1837,93.8051
1841,94.08705
1844,103.3112
1848,93.73888
1851,104.59631
1852,96.67117
1853,93.6933
1854,112.12684
1856,93.65748
1859,112.72425
1860,94.786835
1861,78.77068
1863,104.034485
1865,94.00158
1866,104.4871
1867,94.76053
1868,93.3977
1872,94.193085
1879,94.4903
1880,103.81798
1882,94.126
1885,104.046295
1887,103.763985
1888,91.871864
1890,115.324875
1894,94.7692
1895,103.2143
1896,94.65382
1897,112.23318
1900,112.42745
1901,93.54518
1902,112.553185
1905,93.44478
1906,112.23447
1912,103.82684
1915,94.56454
1916,103.963425
1917,94.79537
1918,103.87418
1920,78.78267
1923,93.852165
1924,104.08644
1925,94.61979
1930,115.8334
1932,112.05468
1933,93.88211
1934,112.626686
1935,93.54518
1940,78.791756
1941,93.68066
1942,112.22975
1943,93.79052
1944,93.31387
1945,112.56349
1948,115.78861
1949,93.99983
1952,94.11276
1954,93.889496
1955,112.05046
1958,93.76293
1959,78.41549
1960,112.10663
1963,94.548035
1965,94.16955
1968,103.68845
1969,96.662834
1971,94.706055
1972,112.33014
1973,93.41859
1975,93.56329
1977,94.09001
1978,93.9242
1979,112.23875
1981,93.56329
1982,112.42054
1987,112.40628
1988,93.41859
1993,93.65984
1997,93.7202
1999,94.786835
2001,94.7692
2002,114.39724
2003,93.803444
2004,79.738815
2006,112.24801
2007,94.83923
2009,104.991425
2010,94.56729
2013,94.7839
2018,78.60934
2022,103.937256
2024,112.081024
2025,94.845604
2026,103.784615
2030,104.976906
2031,93.92071
2032,103.82684
2033,94.77088
2035,93.741295
2036,112.23404
2037,93.6933
2040,94.7692
2043,112.688354
2044,104.61732
2046,104.24165
2054,112.53424
2055,94.3196
2056,105.24786
2059,93.60225
2060,93.54518
2062,93.82071
2063,112.16743
2066,94.7692
2067,111.66664
2072,93.9362
2073,112.259834
2074,94.091896
2075,112.64989
2076,93.88807
2080,93.812836
2082,93.54518
2085,113.54841
2087,112.58588
2091,112.115715
2092,94.52635
2093,105.24786
2098,94.87822
2101,112.10663
2102,93.76942
2103,78.791756
2105,104.4871
2106,94.64628
2107,112.85521
2110,94.12273
2114,93.9161
2115,112.22975
2117,79.43882
2118,92.364265
2119,103.926155
2120,94.786835
2122,93.94785
2123,112.34209
2126,94.706055
2127,103.76057
2128,94.08705
2129,112.24453
2132,94.343445
2135,103.955444
2138,94.0696
2139,115.8334
2141,111.971466
2142,93.79182
2146,94.706055
2151,112.39234
2157,103.703735
2159,112.74866
2162,94.88546
2164,116.138855
2167,93.40353
2168,112.34225
2171,93.9088
2173,94.92669
2174,104.17368
2175,93.93679
2178,94.88546
2180,94.998505
2185,112.34193
2189,93.74031
2190,111.85119
2192,103.600586
2194,114.672165
2200,113.10626
2201,93.96698
2203,112.370964
2204,93.962814
2205,112.60676
2209,112.09054
2213,103.97096
2214,93.87101
2215,112.491486
2216,93.96698
2218,93.847336
2219,104.51346
2220,95.045944
2222,93.5607
2223,112.33051
2225,112.59403
2226,94.24506
2230,94.055695
2233,111.82116
2234,112.60676
2235,93.962814
2236,78.73629
2237,93.69996
2240,114.807304
2241,94.0818
2248,104.12253
2249,94.8846
2250,112.289604
2252,112.33893
2253,94.09984
2254,112.20187
2256,78.92626
2258,93.766235
2259,112.558014
2262,94.998505
2265,94.88546
2266,104.14353
2269,94.20961
2271,95.52479
2273,93.86417
2274,112.24464
2275,93.96698
2277,93.894875
2279,93.962814
2280,78.74241
2282,94.998505
2283,103.66196
2288,93.524704
2289,112.05671
2291,94.87831
2292,116.19258
2297,95.045944
2298,104.094284
2299,93.935844
2300,112.53247
2301,93.76306
2304,94.478676
2305,103.752754
2306,94.998505
2308,94.111824
2309,112.51568
2311,94.50553
2312,104.18183
2316,103.76765
2321,104.094284
2322,112.32275
2325,104.04312
2326,94.14342
2329,116.19258
2330,93.894875
2331,104.01301
2332,111.85119
2333,94.998505
2334,103.77091
2335,111.61442
2337,112.599884
2338,94.01324
2340,111.85119
2342,93.932755
2345,93.95816
2349,96.14463
2351,78.770424
2352,95.04712
2354,112.13213
2355,115.14207
2357,112.59403
2358,93.95986
2360,94.873474
2361,112.13213
2364,93.89756
2366,95.44543
2369,104.59821
2370,94.89415
2371,111.84697
2373,116.86286
2374,94.133095
2376,112.41984
2378,111.99854
2382,95.52479
2383,94.070724
2386,103.897064
2387,95.355995
2389,94.027985
2390,112.29121
2392,93.69236
2398,111.85119
2399,95.04712
2400,94.07911
2401,112.34182
2402,94.2776
2404,94.26781
2407,112.828575
2408,112.18358
2409,112.65945
2412,79.94517
2413,95.3785
2415,94.02727
2420,112.59672
2422,94.50017
2423,103.60805
2426,95.03516
2432,94.088356
2434,93.68843
2435,94.027985
2436,112.36753
2438,111.84073
2440,112.3212
2443,94.202065
2444,93.91574
2447,104.12253
2450,94.9918
2454,93.98903
2455,112.45501
2459,94.998505
2460,112.5402
2463,94.2981
2465,94.17534
2468,78.78849
2469,93.962814
2474,93.79191
2478,94.187645
2480,93.93177
2481,114.807304
2489,94.998505
2490,105.09636
2492,93.62082
2496,94.998505
2497,112.52727
2500,95.04712
2505,94.998505
2507,93.758194
2508,112.60676
2509,95.26519
2510,80.536194
2513,93.675026
2515,94.998505
2518,94.070724
2519,112.18155
2520,94.070724
2521,112.65612
2523,112.53526
2525,93.98809
2529,111.243546
2530,93.52288
2533,111.03082
2535,93.83637
2538,102.571434
2544,111.173706
2553,111.268906
2556,93.41502
2558,93.319565
2559,116.10391
2560,93.652115
2561,111.26758
2562,93.3944
2563,111.3087
2564,93.446655
2565,110.379845
2567,103.463394
2572,93.81074
2575,94.10334
2576,112.53311
2577,93.510345
2578,94.22359
2579,111.00383
2580,93.44407
2582,111.20239
2583,93.59279
2587,93.68396
2589,111.325264
2590,93.979034
2591,111.243546
2594,93.607605
2597,94.17404
2598,102.77745
2599,91.56816
2600,102.13155
2602,111.794556
2603,93.81074
2604,103.43049
2606,111.01574
2607,78.20197
2608,93.54255
2613,111.243546
2614,93.745186
2615,111.16109
2617,111.36253
2620,93.75166
2623,111.24498
2624,93.79732
2627,111.243546
2629,78.20197
2630,93.57882
2632,94.48381
2636,93.66154
2639,93.98428
2640,103.04047
2642,111.243546
2644,102.80509
2646,111.025795
2647,93.657074
2649,93.74818
2650,105.47948
2652,102.80509
2653,101.94982
2655,106.71841
2657,110.40953
2659,110.78755
2662,93.684364
2663,113.38939
2664,94.29266
2665,102.46716
2670,94.02543
2671,103.05929
2672,91.8081
2675,102.80509
2677,111.14376
2679,110.77075
2683,111.38373
2684,93.79285
2685,93.58877
2688,103.029465
2689,94.57645
2690,103.37532
2693,94.063416
2694,111.10158
2697,99.857056
2699,94.18091
2703,93.58221
2705,103.017136
2709,78.66491
2710,93.6018
2711,111.069855
2712,91.72981
2713,94.49003
2714,111.086586
2715,93.60604
2717,93.29937
2718,113.171814
2720,111.28196
2721,93.95417
2726,94.11191
2728,93.78269
2731,102.5042
2732,110.783325
2734,93.649345
2736,102.67792
2737,94.16371
2738,102.41372
2739,111.1815
2746,93.45654
2749,102.360214
2751,114.317245
2752,103.407265
2753,93.812836
2757,103.39563
2758,94.18091
2759,110.89241
2760,94.24443
2762,111.16109
2764,94.20427
2765,111.1894
2769,111.1046
2771,111.254524
2774,93.714386
2776,93.63657
2777,111.7403
2778,93.26805
2779,111.31889
2782,93.15578
2784,93.887794
2787,93.74197
2789,91.451004
2792,94.18069
2798,94.378174
2799,102.77162
2800,93.95327
2801,79.1815
2802,93.493454
2804,93.77165
2807,102.70911
2808,94.41887
2809,115.32317
2811,114.50655
2812,94.0235
2814,93.29937
2816,93.94149
2817,111.21755
2818,110.544655
2820,111.095436
2821,78.82844
2822,94.18877
2823,103.053
2824,93.95609
2826,93.732666
2829,93.33376
2834,93.73879
2835,78.563545
2838,94.22008
2839,110.93467
2840,93.61403
2841,111.00012
2842,94.362785
2846,111.20775
2848,94.460075
2849,93.299904
2850,111.086586
2851,94.22359
2853,93.68195
2854,111.243546
2858,111.26206
2861,94.59665
2864,93.26805
2865,113.38939
2866,111.180016
2867,93.44407
2868,111.30493
2870,111.1807
2877,94.14908
2878,111.243546
2880,111.1972
2882,78.748825
2883,94.6137
2884,103.029465
2885,93.726364
2887,94.362785
2888,110.926895
2889,94.15177
2890,102.80509
2891,94.15666
2892,114.466705
2893,93.80202
2898,111.23235
2899,93.90401
2900,111.21437
2901,93.650154
2909,94.444176
2910,111.10449
2911,111.133
2913,111.040405
2914,94.57013
2918,93.32927
2919,111.249596
2920,93.47785
2921,111.243546
2922,92.15644
2923,102.47087
2925,111.45875
2926,93.44407
2927,111.25601
2929,111.25596
2933,93.39195
2934,111.17975
2936,111.726715
2941,103.94077
2942,93.931725
2943,112.17128
2945,104.4447
2950,93.65346
2951,112.287674
2953,115.23346
2954,94.143555
2955,104.00884
2956,95.345764
2960,95.32522
2962,94.41189
2963,105.167595
2964,104.07517
2966,78.86622
2967,93.93576
2968,112.55329
2969,93.615105
2971,93.792175
2972,94.985825
2974,100.43865
2975,112.47915
2977,115.705986
2980,112.38077
2981,93.93495
2983,94.78525
2984,105.0394
2985,115.93413
2986,105.12408
2987,94.985825
2989,92.35898
2990,112.359924
2991,94.13112
2992,78.744545
2995,100.40844
2996,103.496796
3002,113.193504
3004,112.4333
3005,115.92971
3006,94.94878
3010,95.31731
3011,103.87498
3014,93.58975
3015,93.89335
3016,94.79429
3017,114.04028
3018,93.96546
3021,103.52947
3024,104.053535
3028,93.7873
3030,93.58283
3032,94.12102
3039,94.82082
3040,104.802155
3041,94.17534
3043,94.2048
3044,112.34519
3046,112.19926
3055,93.80832
3056,112.25041
3058,93.804115
3059,112.020065
3061,115.88489
3063,104.07547
3066,94.80161
3067,104.053535
3068,78.71418
3069,94.183426
3072,115.73501
3073,112.414696
3074,94.965126
3077,93.63809
3082,94.35451
3084,100.40844
3085,113.10033
3088,104.081474
3091,94.02086
3092,112.49293
3093,94.963264
3094,103.69464
3096,112.65655
3097,93.65926
3098,79.42541
3102,115.78524
3106,93.88408
3109,93.935486
3111,93.77872
3112,115.92971
3113,94.183426
3115,94.0231
3116,112.350655
3117,94.12793
3121,112.651924
3122,93.87298
3123,94.95294
3124,104.82265
3125,94.79429
3126,103.57564
3127,115.88052
3129,93.767845
3130,112.41057
3132,104.84619
3134,104.6749
3135,95.14665
3137,78.620285
3138,94.3004
3140,92.50628
3144,112.3663
3145,95.036156
3146,112.262726
3147,93.99553
3148,104.07125
3149,103.98162
3150,112.39583
3151,93.94821
3152,94.80161
3155,95.40662
3156,112.69055
3159,93.46269
3161,95.09781
3162,104.10699
3163,95.253876
3165,103.565125
3172,93.97944
3173,112.62701
3176,94.33211
3177,104.05914
3179,112.47915
3183,93.969986
3186,94.94878
3187,103.59634
3189,112.274666
3190,93.91762
3192,115.88052
3193,93.97944
3194,112.53693
3197,94.79429
3198,94.086334
3200,93.9401
3201,115.871185
3202,94.086334
3204,94.901344
3205,93.675606
3206,112.58298
3208,103.94657
3210,103.59614
3211,94.864784
3212,115.88489
3213,93.86904
3214,112.11262
3216,104.07517
3219,93.682846
3220,112.18347
3221,94.183426
3226,106.60804
3227,95.24934
3228,112.940865
3229,93.987465
3232,78.7622
3233,94.9615
3234,94.08517
3236,94.8381
3238,112.51632
3239,112.677925
3240,93.86971
3247,112.0892
3249,103.95509
3252,117.48226
3253,94.82553
3254,103.8312
3255,94.156525
3256,113.63502
3257,93.91972
3262,94.88447
3263,104.081474
3264,95.345764
3266,112.24945
3267,92.91755
3269,94.22183
3272,115.93413
3274,94.79429
3275,104.22446
3277,94.143555
3279,95.45075
3280,104.0389
3283,94.94348
3285,94.901344
3287,92.80694
3288,104.053535
3290,105.07301
3291,93.65877
3298,112.267006
3299,93.850914
3302,114.297516
3303,95.07051
3304,104.45945
3307,93.78314
3309,94.22345
3314,78.71418
3316,112.525444
3317,95.00086
3319,93.92133
3320,112.274345
3321,94.95294
3322,104.57956
3324,93.70309
3326,93.93414
3329,112.178764
3330,93.64631
3331,112.2805
3335,115.88052
3337,94.79167
3338,105.00975
3339,94.981155
3340,112.45142
3341,93.76056
3343,93.87079
3346,93.75632
3348,95.178604
3351,104.04893
3352,115.92899
3355,93.451866
3356,112.90048
3358,104.956436
3359,96.78866
3360,112.46912
3371,112.35751
3372,94.17045
3374,95.38082
3377,112.56768
3378,93.31686
3380,104.30042
3382,95.10239
3386,94.06247
3389,112.57927
3391,103.844025
3393,94.34682
3394,103.98266
3395,94.92438
3397,112.51814
3398,95.129234
3399,78.98748
3400,95.178604
3404,103.87626
3407,112.2858
3409,104.4447
3419,94.13054
3421,93.67208
3425,94.79474
3427,79.14168
3428,115.92899
3429,112.31648
3431,93.7147
3435,94.16156
3436,112.48097
3439,94.33489
3441,93.67615
3442,115.92899
3443,94.871346
3444,103.7069
3445,94.063416
3446,113.75065
3449,93.57204
3453,93.755104
3457,93.94664
3460,104.042625
3461,95.05379
3462,94.01866
3464,104.07547
3465,78.71418
3466,95.13359
3467,103.86304
3468,94.78516
3469,104.084305
3470,103.39597
3472,112.51814
3473,93.682396
3475,93.85767
3476,112.278465
3478,104.0651
3479,94.05862
3483,93.81024
3484,104.01683
3485,95.1169
3487,93.91453
3488,112.33828
3496,112.224724
3497,94.338264
3499,95.30104
3500,78.7081
3501,94.76623
3504,94.93026
3508,105.23462
3511,93.968414
3512,112.63157
3515,94.01888
3517,94.063416
3518,103.89394
3526,112.25202
3528,119.30764
3529,94.03942
3530,112.33352
3531,94.03924
3532,113.75516
3533,93.96358
3534,94.17045
3535,78.405426
3536,93.67659
3537,112.26936
3538,93.81024
3539,112.08065
3540,104.49029
3545,112.26808
3546,93.6043
3550,104.46528
3551,94.070496
3553,94.7679
3554,104.042625
3557,93.622154
3558,112.42612
3559,93.57204
3561,94.007095
3562,112.51814
3563,94.590515
3564,104.04893
3565,94.063416
3567,93.82228
3571,104.04893
3572,94.812416
3574,95.080666
3576,93.87079
3577,112.27424
3578,94.76623
3579,93.87079
3583,94.04054
3585,95.09322
3586,104.03315
3587,112.33191
3593,94.130714
3594,112.334694
3595,94.78376
3599,94.87958
3600,104.084305
3601,112.51814
3602,93.57204
3604,94.329994
3609,115.901405
3610,112.251434
3612,112.29774
3614,112.98487
3615,94.24547
3617,95.43755
3618,112.26936
3619,112.107056
3620,112.32264
3621,94.05413
3625,94.22269
3626,103.707245
3630,103.52661
3631,94.18643
3632,105.10262
3633,94.942665
3634,112.26936
3637,93.847336
3639,93.984505
3640,112.37182
3641,93.87079
3644,112.92659
3645,93.86586
3646,94.033455
3647,93.690796
3648,112.51133
3653,112.35762
3654,93.98634
3655,112.33303
3659,103.57564
3660,94.78516
3662,112.58786
3666,93.74541
3668,92.46407
3671,93.97944
3673,93.99575
3674,112.64516
3675,94.03704
3681,93.92102
3682,112.41705
3686,112.10764
3687,93.73767
3692,78.718864
3695,112.32687
3696,94.164474
3699,112.62915
3705,112.81997
3707,78.7622
3708,94.76952
3709,112.57755
3710,94.19057
3712,94.87343
3715,112.354515
3716,93.87079
3720,112.55088
3722,78.7622
3726,94.99519
3728,93.86291
3729,112.44252
3731,103.565125
3735,112.28922
3736,93.8912
3739,103.565125
3741,110.568954
3743,102.66739
3744,93.22559
3745,110.65076
3746,92.971
3751,92.71626
3753,92.9238
3760,110.37621
3761,92.77694
3762,110.38305
3763,92.83832
3765,92.73558
3768,110.59358
3769,92.84903
3770,102.958595
3773,110.7162
3774,93.71582
3776,93.301056
3778,92.83137
3779,110.52873
3780,92.44609
3781,110.569115
3782,92.91724
3783,110.63752
3784,92.73877
3786,93.1771
3789,109.9934
3790,92.983986
3793,110.62338
3795,110.57987
3797,93.29888
3798,114.18382
3800,110.27809
3804,93.71582
3810,93.57159
3815,110.68464
3816,93.71582
3818,102.2803
3824,110.63752
3828,102.12717
3830,110.58045
3831,93.372
3832,77.92708
3834,110.62032
3835,92.55856
3836,110.58087
3838,93.44581
3839,114.03061
3840,110.73943
3845,92.74319
3846,110.23251
3847,92.88822
3849,77.936775
3853,110.54618
3855,103.27383
3856,93.36613
3864,78.98914
3865,93.15751
3866,110.638626
3867,92.599266
3868,110.27809
3869,93.46715
3871,92.798134
3875,101.98449
3876,92.73213
3878,92.719
3879,110.567375
3881,110.27809
3883,110.39363
3884,92.795784
3886,110.54402
3890,93.76141
3893,110.71927
3897,103.169136
3901,92.85133
3902,110.17082
3913,110.70712
3914,92.39849
3916,92.62779
3917,111.77078
3924,103.27762
3925,94.33521
3928,94.79293
3929,111.99603
3932,91.68119
3933,103.00898
3934,78.57554
3935,93.336525
3936,94.3214
3937,111.540146
3938,93.840355
3939,111.965965
3943,93.322815
3944,112.02231
3945,111.92567
3946,93.84071
3947,111.96719
3948,93.76664
3949,112.02231
3950,93.957306
3951,111.68789
3952,93.75609
3953,111.91286
3961,114.067154
3962,93.78153
3966,93.94104
3967,103.19019
3968,94.70176
3969,112.018036
3970,94.75348
3971,103.64861
3973,93.74308
3974,112.02231
3975,111.91355
3977,93.740265
3979,112.03123
3985,93.87585
3986,103.49581
3988,111.965965
3991,94.239
3992,102.99012
3993,93.50696
3994,93.62046
3995,112.02818
4005,112.04891
4007,93.6795
4008,103.18955
4009,94.3861
4010,112.04987
4011,79.11761
4012,93.597565
4013,103.30081
4015,111.61921
4016,111.91499
4018,111.6873
4025,94.3214
4026,111.887245
4028,112.08161
4029,94.750725
4031,93.855835
4032,111.77665
4033,93.71305
4034,103.39711
4037,91.9266
4038,102.70754
4039,93.89903
4041,94.521805
4042,111.51324
4043,94.3618
4044,103.00898
4045,93.90683
4046,112.19931
4047,94.76071
4048,103.51802
4049,94.039505
4051,93.714615
4052,112.03486
4058,102.98128
4062,111.63534
4064,112.01782
4067,93.6795
4068,78.66851
4070,93.68186
4072,115.4566
4074,112.41025
4075,93.853424
4076,111.86164
4077,93.45097
4078,111.887245
4080,103.00898
4082,111.923
4085,93.81472
4086,111.671326
4088,111.887245
4089,93.96913
4092,78.66851
4094,93.59417
4095,111.91355
4096,91.75309
4097,103.087456
4102,93.94019
4105,112.56671
4107,111.80266
4111,93.731636
4112,103.607155
4113,94.52325
4114,116.133705
4115,93.4959
4116,111.99133
4117,93.89456
4118,94.521805
4119,111.69918
4120,93.67731
4122,79.085014
4125,93.54719
4126,111.97825
4129,111.91979
4134,112.39893
4137,93.95856
4141,103.14085
4142,94.51031
4144,94.43823
4145,103.27762
4146,94.86049
4150,93.63698
4151,78.12173
4154,93.6795
4156,93.72266
4157,111.87279
4159,111.91499
4160,93.71671
4161,111.91745
4168,94.4439
4171,103.21844
4172,103.73029
4173,94.750725
4175,93.4782
4176,103.00898
4177,94.43823
4178,102.8918
4179,93.75323
4181,112.05003
4183,94.750725
4184,111.813484
4185,93.53367
4186,111.99016
4188,117.65594
4190,110.57634
4192,93.56012
4193,111.97579
4194,112.03486
4195,94.241646
4196,78.758255
4202,94.750725
4203,103.613976
4208,94.41347
4209,112.324036
4210,93.65631
4211,111.55339
4212,115.410416
4214,103.24443
4215,93.75216
4216,111.59999
4217,93.69732
4219,94.5718
4222,111.540146
4224,79.66866
4231,103.21844
4232,94.750725
4234,93.652336
4236,94.43823
4237,102.98128
4240,93.93186
4242,103.76285
4243,94.52325
4247,93.55134
4248,111.97371
4249,93.49256
4254,102.71376
4263,93.95283
4265,111.88346
4267,112.78011
4268,111.9326
4271,111.867935
4272,93.82805
4273,111.91974
4274,93.53564
4276,93.90356
4278,94.3214
4280,94.79293
4281,111.913124
4283,93.80805
4284,111.76237
4285,94.71486
4286,111.941414
4287,93.807335
4288,112.7135
4289,93.650375
4290,79.69119
4293,93.696335
4296,111.57435
4297,93.76718
4299,93.34658
4303,112.03117
4310,94.591415
4312,103.24265
4318,102.835495
4320,111.99395
4322,93.518105
4323,115.79369
4325,103.09547
4326,111.894714
4328,103.18901
4330,103.09547
4332,111.92764
4333,94.207726
4335,92.08927
4336,112.791626
4338,103.062874
4341,94.23877
4342,102.88238
4344,102.835495
4347,93.574936
4348,102.86315
4351,106.09544
4352,93.75202
4353,111.79307
4355,102.58899
4356,93.81472
4359,102.749275
4360,94.29361
4361,93.81579
4364,94.50378
4365,102.85727
4368,94.50693
4372,94.192
4374,93.33314
4376,94.35095
4377,103.06263
4380,94.28786
4383,103.82575
4384,94.230774
4385,102.22963
4389,93.51396
4391,93.90047
4392,111.84169
4393,93.3124
4395,93.35958
4396,111.94338
4398,112.77463
4399,105.84668
4401,93.410255
4406,94.16488
4408,103.12142
4412,102.86315
4415,94.296844
4418,112.037796
4419,93.33314
4420,78.6714
4422,111.94338
4423,93.33314
4425,94.22197
4428,111.3482
4431,111.86335
4434,93.5095
4436,94.03637
4437,111.65801
4439,115.184074
4440,93.61238
4441,111.98386
4444,94.58474
4445,103.12142
4446,94.03615
4447,111.75203
4452,102.957664
4456,111.7734
4457,93.81472
4458,111.50776
4460,93.81472
4461,115.184074
4462,93.79124
4465,102.5481
4466,102.67987
4468,94.61668
4469,103.10426
4472,111.967995
4475,94.56873
4478,93.58756
4479,111.85369
4480,93.78716
4483,78.60451
4484,93.52114
4485,103.372505
4486,94.60946
4488,93.530815
4489,103.10426
4490,94.28786
4491,107.00555
4492,94.30265
4493,105.85566
4494,93.89456
4495,102.39907
4498,78.60626
4499,94.535866
4500,102.771965
4503,112.0073
4505,102.5481
4506,94.28048
4507,94.1629
4508,102.835495
4510,111.941414
4511,93.26414
4513,94.60946
4516,78.804756
4519,93.77165
4521,93.89998
4531,93.46501
4532,79.33014
4533,97.37856
4534,112.176414
4536,102.835495
4537,93.81472
4539,94.295906
4542,102.4103
4545,93.75913
4549,93.52092
4551,93.77952
4554,103.07281
4556,112.10599
4559,112.00415
4561,111.952354
4562,111.75581
4566,111.799835
4569,93.43654
4570,111.94338
4573,93.95816
4574,102.45323
4575,94.28363
4577,94.24452
4578,111.47719
4580,111.709885
4582,93.447235
4583,111.94338
4585,93.975494
4587,102.835495
4595,93.684364
4596,111.93073
4601,93.82483
4602,111.91115
4603,94.192
4605,111.862335
4606,93.69375
4607,112.646935
4608,93.73034
4610,94.64885
4613,103.06725
4617,93.503395
4618,111.47299
4619,93.56012
4620,94.44656
4622,102.7456
4625,93.81472
4626,102.835495
4627,94.29181
4629,93.34605
4631,93.53367
4633,102.835495
4634,116.544106
4635,93.899704
4639,93.6644
4640,103.50543
4642,103.07713
4644,111.83193
4646,102.835495
4647,94.26969
4648,78.7871
4649,93.43654
4650,112.01323
4655,93.52092
4660,93.582565
4661,111.948296
4662,93.203766
4663,111.82511
4665,93.60809
4666,111.8587
4667,103.07713
4668,94.35474
4670,93.77353
4671,112.15732
4672,94.170265
4673,103.07713
4675,103.090744
4676,94.09217
4677,111.92369
4680,94.70199
4682,93.95816
4683,112.10492
4685,102.86315
4686,93.60537
4688,112.60676
4690,112.685555
4692,112.65574
4693,94.05346
4697,93.80505
4700,112.37439
4702,112.38597
4707,116.138855
4708,94.12466
4710,78.907486
4716,101.358406
4717,95.40115
4718,94.26821
4720,95.38042
4721,79.587105
4723,94.284035
4726,112.43271
4727,93.675026
4729,94.28884
4731,94.03574
4732,112.61025
4735,94.183876
4736,104.11801
4737,94.87831
4738,112.24464
4739,112.13892
4744,104.11801
4747,94.25104
4749,112.88546
4750,94.12466
4752,112.60676
4755,95.19989
4756,104.03737
4757,112.44858
4758,95.03099
4759,103.38296
4763,95.40115
4764,103.619804
4765,94.22614
4766,94.03355
4767,112.69749
4769,112.17545
4770,94.144135
4771,78.698715
4772,104.16653
4774,112.61105
4776,112.738495
4777,112.339355
4778,94.54394
4780,93.95838
4784,94.070946
4786,95.33226
4787,78.74241
4788,94.22884
4789,112.60676
4791,104.26234
4792,94.12017
4795,112.41909
4796,93.95771
4803,93.6318
4805,95.47888
4807,94.18671
4809,93.8899
4816,94.12439
4817,79.37183
4818,93.524704
4820,94.237335
4821,103.77259
4823,112.45839
4824,93.9195
4825,112.33057
4829,103.59782
4830,95.437416
4831,113.99701
4833,104.39008
4836,93.97554
4837,112.60676
4838,93.48409
4840,93.98249
4841,78.9359
4842,93.352234
4843,112.34921
4844,93.80327
4849,106.85925
4851,105.05733
4852,94.249466
4858,93.81642
4860,95.437416
4863,112.39422
4864,94.44107
4865,112.3438
4867,112.44831
4868,94.07911
4869,112.35966
4873,93.537994
4875,95.31363
4876,112.872055
4877,93.773796
4878,112.13213
4880,78.74241
4886,112.38511
4888,104.14249
4889,95.310265
4890,112.27772
4893,94.83724
4895,93.77585
4896,103.900734
4899,93.96546
4901,94.159134
4902,112.174805
4903,93.78578
4904,112.60676
4910,93.859955
4912,94.020454
4915,95.31108
4916,104.49592
4917,93.84554
4920,104.16653
4927,104.094284
4928,93.847336
4931,104.094284
4934,93.977425
4936,94.45994
4939,112.86835
4942,112.37702
4943,95.437416
4944,103.53293
4945,95.04807
4947,112.13213
4948,94.03229
4951,94.2332
4952,112.60676
4953,93.96801
4956,93.78578
4957,112.66192
4958,93.93943
4960,93.96658
4968,94.291046
4969,104.4326
4971,103.91307
4973,112.61105
4975,112.99974
4976,94.09073
4978,94.017136
4979,112.63876
4982,94.083954
4983,112.29951
4984,96.07378
4985,116.14329
4986,93.96667
4987,114.8458
4988,95.19989
4994,93.935844
4995,95.437416
5002,79.025795
5004,94.241516
5005,103.68524
5006,94.998505
5007,103.77937
5009,112.38897
5011,112.61105
5014,94.19326
5015,104.50673
5018,93.898
5019,112.41909
5020,93.977425
5021,112.31455
5022,94.39587
5023,93.84456
5025,95.437416
5032,94.07306
5034,94.10608
5036,93.81924
5038,94.095085
5039,112.77893
5046,95.42682
5049,112.41909
5051,94.94592
5052,93.6318
5053,112.61105
5054,95.437416
5055,95.04712
5057,94.12466
5059,93.98513
5062,95.54219
5063,112.452225
5065,112.52233
5069,94.13637
5071,95.499146
5074,112.43592
5075,93.6318
5076,112.75737
5077,78.74241
5079,104.50563
5080,95.19712
5081,112.60676
5083,104.05215
5088,104.17999
5089,94.81337
5093,112.5263
5094,103.88329
5095,96.85652
5099,111.94931
5101,112.4058
5103,103.600586
5104,94.18954
5105,112.32484
5107,93.80505
5108,112.82589
5109,93.99042
5111,93.96407
5112,112.05725
5113,94.12102
5114,112.209526
5115,93.88632
5118,94.67052
5122,95.18781
5123,78.897514
5125,94.3196
5127,103.69122
5128,94.13579
5129,115.54692
5132,94.77739
5134,112.63893
5135,94.12273
5137,112.187485
5142,93.68066
5143,103.8411
5144,93.97877
5148,93.972626
5149,94.097595
5150,104.54187
5154,78.71481
5155,94.05337
5159,93.86645
5164,94.759224
5165,112.54578
5166,93.9384
5167,112.6029
5169,93.623184
5171,93.79839
5172,112.3565
5176,93.991806
5184,114.031364
5185,94.12973
5186,112.48703
5188,104.45616
5189,112.62411
5190,94.08674
5191,112.54578
5193,112.3565
5196,94.786835
5199,78.24293
5200,104.046295
5203,93.396225
5204,112.10663
5205,93.89769
5207,93.98903
5208,107.63858
5212,94.56621
5214,94.063995
5218,93.81544
5220,93.82147
5222,93.60604
5224,95.10992
5225,103.92749
5227,111.68432
5229,103.670166
5232,93.41859
5233,115.77492
5234,104.16211
5237,112.51508
5239,111.90352
5240,93.840576
5241,112.33732
5244,93.96407
5248,112.300896
5251,93.66784
5253,93.971954
5255,94.69007
5256,103.82575
5257,94.980385
5259,95.13681
5260,112.13582
5266,93.85808
5268,93.60091
5275,112.51508
5276,112.278625
5277,93.95968
5279,94.69007
5280,103.501884
5281,94.79537
5283,94.26295
5284,78.77144
5285,95.18781
5286,103.83783
5287,93.70206
5289,93.764275
5290,112.3565
5292,104.732216
5293,94.999504
5294,103.81392
5297,93.857
5299,103.93428
5302,94.094635
5305,78.93153
5306,94.69007
5308,94.12551
5309,94.05772
5310,112.21407
5312,112.34808
5316,112.339676
5317,94.84018
5319,78.7343
5320,95.18781
5323,94.04422
5329,112.617714
5331,112.05468
5334,112.23179
5336,112.368126
5338,103.955444
5341,94.05027
5345,94.81007
5348,93.80756
5349,112.484726
5355,104.358635
5356,93.8081
5360,104.3339
5362,112.26979
5364,112.52184
5366,104.43375
5367,92.28238
5368,94.201614
5370,92.5192
5371,78.6932
5373,103.976166
5375,112.51508
5376,93.396225
5378,112.51503
5379,93.20808
5383,94.039734
5384,103.79382
5389,112.039345
5391,78.86611
5393,112.070015
5395,112.187485
5397,112.07622
5398,93.534386
5399,112.33255
5401,115.87411
5402,93.69187
5403,112.29828
5404,93.659
5407,78.85998
5408,94.55638
5413,112.80184
5414,94.039734
5417,94.786835
5418,104.732216
5420,112.71936
5421,93.68477
5424,93.87763
5425,112.10663
5426,94.37966
5429,112.37032
5431,94.62611
5437,103.27259
5440,93.66663
5444,104.22754
5446,104.40816
5447,93.80519
5451,93.88198
5452,105.97925
5455,104.16211
5456,94.70321
5458,93.852165
5459,112.216324
5460,94.6521
5462,94.786835
5463,112.26754
5464,93.893394
5465,112.2015
5466,95.175835
5467,104.053986
5468,94.208305
5469,112.192726
5472,94.300896
5474,93.88623
5475,112.57251
5476,95.18781
5479,103.66389
5480,112.512566
5482,112.517876
5485,94.03955
5486,115.8334
5488,79.67276
5495,103.670166
5496,93.20808
5497,112.2015
5499,112.2259
5503,93.6368
5504,93.93325
5507,95.18781
5509,93.944
5511,93.90105
5512,112.26974
5516,112.51133
5517,95.38173
5518,103.886765
5521,94.87044
5522,103.996445
5527,95.30104
5528,93.84993
5529,112.61874
5532,95.80748
5533,112.47657
5535,105.59336
5536,104.376595
5540,94.137405
5547,94.18262
5548,112.33352
5550,79.39962
5551,93.75063
5554,112.07456
5555,94.09616
5559,112.25138
5560,94.04095
5561,112.11128
5562,93.429184
5563,112.73253
5565,78.61399
5566,94.0162
5567,104.015144
5568,94.9032
5572,94.91166
5574,94.77214
5576,94.01812
5579,112.107056
5580,78.51082
5581,94.77486
5583,94.040764
5584,112.33614
5586,112.29201
5587,93.947
5589,103.565125
5591,103.30175
5592,93.757256
5593,112.70963
5594,95.10606
5595,78.61523
5596,112.51814
5597,112.53242
5598,115.84649
5599,94.95186
5602,112.38372
5603,95.10606
5605,93.58221
5607,93.83892
5608,112.447395
5609,93.9841
5610,93.77192
5612,93.75063
5613,112.64897
5614,93.845634
5616,94.10684
5621,95.178604
5623,94.376335
5628,114.5267
5629,91.80749
5631,93.74138
5633,96.30848
5638,104.07547
5639,96.69967
5640,105.2162
5645,93.9354
5646,79.43302
5649,93.87052
5653,112.42965
5655,112.3588
5656,95.08116
5658,94.71888
5662,115.92457
5663,93.508606
5667,94.77625
5670,94.95186
5671,103.565125
5672,94.76003
5673,103.36723
5674,94.13902
5675,103.68237
5676,94.88827
5679,112.515625
5683,112.266365
5687,95.08874
5688,78.71418
5690,94.042244
5691,112.28269
5692,93.75529
5693,113.070724
5694,94.915825
5697,112.26198
5698,93.76038
5699,112.51133
5704,94.18262
5707,112.515625
5709,103.56191
5710,94.17112
5714,93.99082
5718,94.937645
5721,94.383354
5723,93.90356
5724,112.41877
5725,94.063416
5726,112.424774
5729,95.32158
5730,103.886765
5731,94.18262
5733,78.74222
5736,94.002075
5741,104.07632
5745,112.33352
5747,94.7542
5748,103.8988
5750,112.26872
5751,94.02278
5752,94.80541
5754,93.75063
5755,94.22273
5757,94.09912
5758,115.70086
5760,103.518814
5762,103.31727
5766,112.33849
5768,95.32158
5769,115.90578
5770,94.04547
5771,112.33191
5772,93.82984
5773,112.97146
5774,93.92398
5776,93.85284
5777,112.51133
5778,93.7848
5780,112.63157
5782,93.63081
5783,78.7111
5784,95.32158
5786,93.98719
5788,95.12184
5789,112.67374
5790,94.969154
5791,103.71734
5793,105.083984
5794,94.14239
5796,115.879745
5797,94.14351
5801,94.10697
5803,95.08874
5804,112.460266
5805,93.75063
5806,78.71418
5808,112.34032
5813,94.18262
5815,95.16948
5816,103.93755
5822,94.06314
5823,112.51133
5825,104.01683
5827,112.34139
5829,103.565125
5830,94.944885
5831,112.39845
5832,93.84237
5833,112.34032
5837,114.531075
5838,93.83651
5839,94.779785
5842,105.2162
5844,112.25165
5845,104.25478
5846,112.48703
5848,78.86622
5850,112.41534
5851,93.757256
5853,95.32158
5854,104.0389
5858,105.2162
5860,112.350815
5864,103.92853
5866,95.19412
5867,112.515625
5868,93.91991
5869,112.26936
5870,93.91762
5871,112.55018
5874,112.54878
5876,112.33459
5877,93.6043
5878,93.83494
5879,112.34032
5880,93.87437
5884,93.757256
5886,112.11529
5890,102.84956
5896,94.967476
5897,103.27801
5898,95.32158
5901,104.53718
5903,112.52244
5906,93.77192
5908,112.515625
5909,93.886185
5910,112.64897
5911,94.16542
5912,112.57138
5914,112.54878
5919,112.52244
5924,93.919365
5926,94.3789
5929,103.95539
5930,94.254364
5932,95.38173
5933,112.358696
5934,94.0801
5935,112.36164
5936,93.75632
5937,112.4459
5938,94.20193
5939,112.13475
5942,112.40901
5943,94.18478
5944,105.12784
5946,112.51133
5951,93.53077
5953,102.707245
5954,93.92712
5957,102.78431
5961,93.90078
5962,103.2819
5964,78.73659
5965,95.04576
5968,111.96655
5969,93.650955
5974,93.500046
5975,112.048485
5978,78.80183
5981,102.78431
5982,94.43895
5983,112.42622
5989,111.45008
5991,93.93347
5992,102.9024
5995,94.37165
5996,102.54443
5997,111.72523
5998,93.66105
5999,78.23707
6001,111.6619
6002,96.124825
6003,111.36917
6004,93.92712
6006,111.927
6007,93.881
6011,102.62642
6012,103.18232
6014,93.90996
6015,102.797005
6016,94.45557
6017,111.88377
6018,94.743004
6024,94.43053
6025,102.98359
6026,111.67292
6028,111.72773
6029,78.77012
6030,93.946014
6036,111.96655
6040,93.52506
6041,111.92513
6042,93.73906
6044,93.82358
6045,102.72718
6047,102.99012
6048,93.899574
6049,111.78891
6051,115.24209
6052,112.19155
6053,93.26414
6054,111.97793
6058,103.85214
6059,94.101814
6062,94.743004
6063,115.24209
6064,102.80578
6065,93.52506
6067,93.6694
6068,111.99101
6070,102.689766
6071,103.5354
6072,111.53823
6080,111.53823
6081,93.910095
6084,103.2819
6087,93.97048
6089,103.15964
6092,111.53823
6094,93.56891
6095,112.021774
6097,112.1378
6100,93.649216
6104,103.21352
6105,93.52506
6106,111.83582
6107,78.81724
6108,93.98993
6109,111.53823
6110,93.46969
6114,111.53823
6116,93.82711
6117,102.82588
6118,94.477776
6123,78.746315
6125,112.034325
6128,111.99571
6130,102.9077
6132,111.70461
6137,78.789955
6139,112.012215
6140,93.48543
6141,112.1378
6142,103.67758
6144,108.26684
6145,94.40572
6146,93.7038
6149,93.30159
6156,94.290146
6159,111.535995
6160,93.48543
6162,103.19875
6164,111.76988
6165,93.53376
6168,78.76437
6169,111.83657
6170,94.14975
6171,112.01894
6172,93.24551
6173,114.16276
6176,94.743004
6177,93.318634
6178,94.247665
6180,93.97097
6181,102.60489
6182,92.291885
6185,93.73973
6186,111.91958
6188,111.93143
6189,93.6255
6192,103.2819
6193,93.93347
6194,102.72718
6195,92.358055
6196,115.269295
6197,93.52096
6201,111.91307
6202,93.504776
6203,111.94392
6204,93.52498
6207,115.44482
6209,93.714615
6210,93.53537
6211,112.14058
6213,111.91307
6216,93.24551
6217,93.84908
6219,93.52506
6222,78.6624
6223,93.914215
6235,94.743004
6240,93.77952
6242,94.41396
6247,93.90356
6251,111.824844
6254,111.747604
6255,94.509
6260,102.56703
6261,93.90996
6262,103.58196
6264,111.935005
6269,103.18753
6271,103.38833
6275,111.53147
6276,93.72744
6278,93.38487
6279,111.83657
6281,112.23259
6284,93.50714
6286,92.16483
6287,78.70071
6288,93.95816
6292,93.588326
6293,93.52114
6295,94.231804
6298,111.927
6300,111.67803
6304,102.60489
6308,111.91446
6310,94.60148
6312,111.53823
6320,93.92712
6324,93.43881
6325,111.977715
6330,94.64303
6336,111.72016
6340,103.387344
6341,94.743004
6342,102.764366
6344,93.58872
6345,111.968956
6347,111.83657
6348,93.77075
6349,111.927
6351,78.66851
6353,111.8706
6354,93.52114
6357,94.142746
6358,103.01418
6360,102.56067
6363,114.02408
6364,93.26414
6368,112.29528
6370,93.9772
6371,94.06153
6377,94.232254
6379,93.88771
6381,93.82389
6382,78.704605
6383,112.30004
6388,112.24185
6390,112.23928
6392,103.49724
6393,94.678825
6395,94.771515
6398,103.56794
6401,78.704605
6402,93.884125
6403,112.59613
6405,93.58573
6406,93.3977
6407,112.477806
6409,103.92095
6411,93.761856
6413,93.718765
6416,105.129395
6417,93.77442
6418,93.799065
6419,115.80601
6420,112.179726
6426,112.53553
6429,93.65305
6430,93.90853
6431,112.59613
6432,93.86873
6434,94.189896
6437,112.325264
6438,94.802605
6439,103.872055
6440,94.08001
6441,94.00069
6442,112.07622
6443,96.198326
6445,94.61271
6448,112.48204
6450,112.202034
6453,95.17043
6455,93.83431
6457,93.684006
6458,112.63238
6461,94.77341
6464,112.33127
6467,94.00929
6469,95.15002
6470,79.12508
6471,93.64684
6473,103.872055
6474,94.07211
6479,94.77341
6481,94.022606
6484,112.23928
6495,94.230865
6496,112.34193
6505,112.55667
6506,94.75357
6508,95.161995
6509,94.0014
6510,103.635765
6512,103.79858
6513,94.06153
6514,112.29736
6515,93.751755
6519,94.98469
6521,93.91189
6523,79.38993
6525,105.169754
6526,93.97527
6528,94.68853
6529,112.79694
6531,103.97527
6533,104.4996
6534,94.27081
6535,112.477806
6536,93.60238
6537,112.29624
6540,94.00189
6541,112.30004
6547,93.33492
6548,112.51186
6551,112.10492
6553,112.34337
6555,104.523026
6556,95.161995
6561,78.732605
6564,93.868866
6565,112.477806
6568,94.61271
6569,112.07622
6573,104.13052
6574,94.77341
6577,112.24356
6579,114.38879
6581,93.80993
6582,112.60037
6585,102.7822
6586,94.97002
6589,103.46808
6590,79.3838
6593,94.03682
6594,112.21814
6595,93.775185
6599,93.83163
6600,93.8502
6601,112.50092
6602,93.41859
6603,112.48204
6604,94.55124
6607,104.00071
6608,104.16817
6609,94.56892
6611,94.021576
6613,112.07622
6614,93.59207
6616,93.74683
6617,112.07622
6618,94.06153
6619,103.41511
6621,104.523026
6627,103.94474
6629,112.03753
6631,78.84968
6634,94.74228
6636,94.06153
6638,94.61271
6639,112.07622
6641,112.477806
6642,95.10248
6651,115.501366
6654,79.00112
6657,94.64366
6663,93.7763
6665,112.14946
6666,94.197754
6668,94.06153
6669,104.523026
6670,94.59029
6671,94.85592
6673,94.249825
6675,93.806755
6676,78.704605
6677,94.09719
6679,93.869446
6680,112.30224
6681,103.635765
6685,103.642044
6688,94.241425
6689,93.775185
6690,112.17192
6692,112.07622
6693,93.87482
6694,93.96434
6698,115.86306
6699,93.66739
6700,112.058426
6701,93.684006
6702,112.23024
6704,93.775185
6707,112.28917
6712,112.48885
6713,93.8191
6715,93.954796
6721,112.37889
6722,93.66739
6723,112.29506
6724,94.00987
6725,115.80158
6731,112.29506
6735,79.99748
6736,93.954796
6737,104.697464
6738,92.25062
6739,104.21631
6741,103.40539
6743,93.766594
6745,94.06153
6747,112.24977
6749,93.4631
6750,104.004234
6751,115.57811
6752,99.67277
6753,112.07622
6755,115.91302
6756,93.91292
6757,103.98573
6759,112.17374
6761,93.78332
6763,93.64684
6764,115.782814
6765,93.819145
6766,112.396255
6768,112.50591
6771,93.775185
6773,94.924194
6774,94.58844
6778,104.08763
6779,95.11744
6781,93.43507
6784,93.79298
6786,93.06765
6787,110.65472
6790,93.04959
6793,102.749664
6795,110.17082
6798,110.644165
6806,102.0181
6807,93.640816
6810,93.14521
6815,110.27131
6816,92.96359
6817,102.17544
6818,93.91453
6819,102.41811
6820,93.640816
6822,92.95796
6823,114.01783
6824,110.49538
6825,93.20479
6828,78.53407
6829,111.024155
6831,110.4269
6832,92.65165
6833,110.64443
6834,92.71763
6836,93.321396
6837,110.64992
6838,92.674446
6840,102.188354
6843,92.61295
6845,92.518715
6846,92.76787
6847,110.62422
6851,110.55915
6852,92.85421
6853,111.66616
6858,92.857315
6861,110.63271
6863,110.52795
6864,77.97261
6865,93.53332
6866,110.63752
6867,93.86667
6868,102.39155
6869,93.91453
6870,110.49538
6874,110.25123
6875,93.03539
6877,110.56226
6878,93.15227
6880,93.249954
6883,110.479416
6884,92.93177
6886,93.47535
6890,93.97953
6893,110.43701
6894,92.81464
6899,110.56226
6900,93.083405
6904,92.79999
6905,110.5193
6906,92.70587
6910,92.83062
6912,102.46266
6913,112.413246
6920,93.047455
6922,92.968735
6923,110.17082
6926,93.642426
6927,110.28514
6928,92.814415
6931,109.673615
6933,93.10409
6936,92.399155
6937,110.63752
6939,112.51042
6941,92.93966
6942,112.52571
6943,93.30195
6944,101.958084
6945,93.60917
6946,110.3819
6947,114.01783
6949,102.41811
6951,102.32951
6953,111.834496
6954,92.75517
6955,110.65266
6963,109.723465
6964,92.97362
6966,92.85762
6968,92.75407
6970,101.98449
6972,110.788025
6976,111.46948
6978,110.63752
6981,102.57349
6985,102.6907
6986,92.662384
6987,110.43307
6989,110.46014
6991,114.01783
6993,112.76156
6994,92.764465
6995,110.54497
6996,92.96816
6997,110.60708
6998,77.70107
7001,109.73576
7003,111.03856
7006,93.605194
7008,104.35062
7010,92.518715
7011,93.16964
7012,112.60246
7013,92.65797
7014,110.63931
7017,102.10404
7018,93.249954
7019,92.37457
7023,93.55352
7024,102.28234
7025,92.938644
7026,110.63836
7027,92.836945
7028,112.72092
7030,110.17082
7031,93.098404
7033,110.64496
7036,92.93009
7037,93.43489
7039,93.14414
7044,92.80574
7045,110.64992
7046,96.873474
7049,103.16406
7050,93.71872
7051,101.98449
7054,109.621124
7055,93.22639
7057,93.32936
7060,110.56226
7061,93.948975
7063,92.510956
7064,110.58119
7067,93.249954
7071,93.07435
7074,101.83321
7075,93.946106
7078,110.64992
7079,92.70715
7080,111.2323
7081,93.901184
7082,110.64992
7083,93.18443
7085,110.79637
7092,102.41811
7094,93.89917
7100,92.95566
7101,110.56875
7102,110.63752
7104,110.65018
7105,93.948975
7106,93.249954
7107,101.64668
7108,77.53859
7109,93.06805
7110,110.63752
7112,93.63457
7113,102.099655
7114,92.81557
7116,110.63752
7117,93.948975
7118,102.96964
7120,93.51989
7121,102.37593
7123,102.14353
7124,94.03032
7127,105.88353
7131,102.168526
7132,93.91453
7133,92.518715
7134,110.6333
7135,92.70715
7136,110.67862
7137,92.75712
7141,93.05402
7144,102.41811
7147,110.57502
7148,92.631065
7150,92.864265
7151,93.51989
7152,101.79447
7154,92.81362
7156,93.58841
7157,102.65177
7159,114.01783
7161,93.93459
7163,93.04209
7164,101.53425
7167,77.91307
7169,103.07477
7170,93.505135
7173,93.10484
7174,102.653435
7177,110.57502
7178,102.66925
7179,93.0432
7180,78.19925
7181,110.49538
7182,92.95854
7184,93.249954
7185,110.60708
7186,92.64516
7187,113.984726
7188,92.653015
7189,110.965515
7191,102.18236
7193,109.73576
7197,93.054955
7199,92.66384
7200,110.64992
7201,92.70715
7204,92.97654
7207,110.41064
7209,110.52795
7210,93.250885
7211,103.36423
7213,92.9843
7214,110.60708
7216,110.4654
7217,93.056465
7220,110.54497
7224,110.17082
7225,92.96816
7226,110.4654
7227,93.31752
7234,110.60708
7236,78.1164
7239,102.57681
7240,93.10133
7242,113.11851
7244,110.40295
7245,92.19274
7247,110.2568
7248,92.40646
7249,114.03061
7250,110.58567
7251,92.43176
7252,110.706436
7253,77.85951
7256,93.14619
7260,92.148445
7261,110.71283
7264,93.15494
7269,110.27852
7270,92.530014
7273,110.56226
7279,92.08444
7281,110.49538
7284,92.23029
7285,110.67013
7286,114.03061
7287,92.393776
7289,92.668175
7292,92.10205
7293,110.64992
7296,92.74677
7297,110.6381
7298,91.999565
7299,110.72249
7301,102.01026
7304,111.38314
7306,115.37135
7308,92.668175
7309,101.603355
7312,92.09419
7313,77.85951
7314,92.18575
7316,92.51841
7319,114.9203
7321,92.8342
7323,93.444115
7324,102.1485
7325,92.84983
7328,102.20775
7330,77.78848
7334,92.84983
7337,110.60708
7338,93.75721
7339,92.503586
7341,92.4174
7342,110.4654
7344,110.51682
7345,110.47826
7347,109.70531
7349,110.49538
7350,92.65523
7353,111.25761
7355,110.6581
7356,92.7466
7357,110.72777
7358,93.57806
7360,92.31711
7363,103.18473
7364,93.16564
7366,92.82132
7368,93.07271
7369,110.43586
7370,92.28577
7373,92.533676
7374,110.075775
7375,92.620155
7377,93.07413
7379,92.269135
7380,114.395004
7382,110.16247
7383,92.4882
7385,92.620155
7386,102.33493
7391,93.2155
7394,106.01988
7396,110.58567
7397,92.62947
7399,93.084915
7400,102.42969
7403,77.85951
7405,110.607506
7408,110.14955
7414,110.52795
7416,102.89376
7417,90.655426
7419,92.61962
7420,104.905304
7421,93.493805
7422,93.16564
7423,103.17061
7425,78.397316
7430,92.52635
7432,93.109726
7433,92.26447
7434,110.21159
7436,109.72456
7437,92.36827
7438,102.65623
7440,102.94652
7441,92.662384
7442,110.470245
7445,110.5475
7446,102.22183
7448,110.49701
7450,102.01196
7451,92.65129
7454,110.698364
7455,92.424355
7457,110.554565
7459,102.22183
7462,92.5226
7464,92.65129
7465,109.989624
7466,92.52229
7467,110.51572
7469,110.54745
7472,92.185715
7473,110.17082
7479,92.84983
7480,102.41811
7484,110.463615
7491,92.67365
7494,103.031624
7495,92.620155
7501,92.560326
7503,92.74889
7504,102.08929
7505,92.71617
7508,110.58567
7509,92.29479
7510,77.85951
7511,110.29203
7515,93.59453
7516,102.48079
7517,93.08167
7518,102.51398
7519,92.67365
7521,93.11119
7522,102.18236
7524,102.62774
7526,102.09742
7527,93.06814
7528,101.75172
7529,93.06814
7534,111.33259
7537,110.5921
7538,92.6327
7540,92.50822
7541,110.57987
7545,110.49538
7551,112.42584
7553,92.842125
7554,101.74851
7555,93.08167
7561,110.59226
7562,92.659645
7564,92.65081
7565,103.05575
7566,92.85824
7567,111.748886
7569,102.04422
7570,93.14419
7571,113.77935
7572,92.628105
7574,102.62887
7578,110.71547
7579,92.44865
7586,92.23126
7587,78.40461
7590,92.55945
7593,110.17082
7594,92.18281
7595,92.85824
7600,92.171295
7601,78.03807
7602,92.18984
7603,110.82274
7604,92.189095
7606,92.49662
7608,112.40537
7613,77.865524
7615,110.4337
7616,109.60298
7617,114.323456
7618,93.06814
7619,101.97408
7622,92.228226
7623,102.13126
7624,93.12105
7625,102.43824
7626,92.842125
7627,102.21487
7628,78.03539
7631,102.41109
7632,102.08929
7633,93.11026
7634,115.16859
7635,92.45874
7636,110.60708
7637,110.60708
7639,92.1042
7640,77.794495
7644,110.64992
7645,92.17358
7648,102.43174
7649,92.99463
7650,110.49538
7652,109.989624
7653,92.644005
7655,92.63261
7659,110.567375
7662,92.74978
7664,92.36911
7666,93.537415
7668,92.56523
7669,110.64042
7670,91.209305
7672,93.18844
7673,110.430435
7678,92.17591
7679,79.05761
7680,102.62583
7683,92.00882
7685,114.03061
7688,92.668175
7690,109.590706
7692,92.65222
7693,93.41627
7695,110.60708
7696,92.61561
7698,92.50712
7699,110.53253
7702,92.50972
7703,110.4654
7704,93.09903
7707,110.29203
7713,77.865524
7715,102.55461
7717,110.32869
7718,92.18817
7719,102.922424
7721,111.027916
7722,92.9761
7725,101.16016
7727,101.55976
7730,77.87306
7733,91.84935
7735,101.53095
7740,110.311226
7741,110.22931
7742,91.91046
7744,110.606766
7747,92.97073
7750,78.23588
7752,110.41311
7754,110.36852
7756,102.718216
7757,92.93638
7758,102.00307
7760,102.151184
7761,92.63093
7763,110.92547
7765,92.48736
7767,110.45276
7768,92.300865
7771,92.61172
7773,91.98417
7774,111.125
7776,103.027695
7779,92.26443
7783,92.18457
7786,103.49448
7787,92.16536
7789,92.278114
7791,92.70481
7793,92.25369
7794,109.94857
7795,92.10877
7799,77.693146
7800,111.37815
7802,92.727135
7805,104.15123
7807,101.57221
7808,92.72824
7811,102.00438
7817,109.42074
7818,101.65977
7819,92.28308
7822,91.85574
7823,110.44202
7825,110.63155
7828,92.18312
7832,91.87107
7833,77.74351
7834,110.14965
7835,92.47188
7837,92.69022
7840,92.13816
7842,92.28885
7843,110.057304
7844,92.30465
7846,92.63093
7850,92.161934
7853,110.4831
7855,112.31145
7858,93.05034
7863,110.458664
7865,110.49548
7866,92.08348
7868,91.730606
7869,110.49227
7871,77.64796
7872,101.49286
7874,101.57221
7877,110.35942
7878,91.89613
7879,110.34416
7881,92.12687
7883,92.32331
7885,101.81044
7886,92.471306
7889,93.05949
7890,102.464424
7891,92.203606
7893,90.68474
7894,102.71455
7896,110.39837
7898,101.5418
7901,92.9866
7902,109.522896
7904,110.45281
7905,92.199646
7906,114.53238
7909,92.29994
7910,101.6589
7913,92.28489
7918,110.49548
7919,91.84935
7923,92.00316
7925,92.63093
7927,91.68145
7930,93.05491
7932,92.96098
7933,92.16176
7935,90.69027
7939,101.75225
7942,92.184395
7943,111.59387
7945,102.93714
7946,92.709366
7948,93.02665
7949,110.01711
7950,91.921425
7951,110.45276
7955,101.746185
7959,92.80193
7960,110.311226
7961,92.05433
7962,102.25235
7964,102.31849
7965,93.014854
7966,110.49548
7967,102.88822
7968,92.72183
7971,102.4101
7974,91.84935
7976,105.80984
7978,110.414635
7982,110.311226
7983,92.29994
7984,101.944374
7986,91.98018
7989,110.01711
7991,109.522896
7992,110.25727
7993,92.17674
7994,110.4831
7995,91.87107
7997,91.98149
7998,101.944374
7999,109.42074
8002,91.94159
8007,92.18866
8009,92.254005
8011,92.18228
8013,92.95225
8015,101.925125
8017,110.47662
8019,113.87949
8023,92.292984
8024,110.311226
8026,110.3309
8027,91.96526
8029,92.1118
8030,110.54792
8031,92.00237
8033,97.74669
8035,92.40224
8036,101.81403
8039,102.2583
8042,91.68276
8044,92.29765
8046,77.82128
8048,110.62069
8049,92.199646
8050,101.95896
8053,92.45495
8054,91.92427
8059,91.874756
8061,92.12604
8062,110.42632
8064,110.398476
8066,102.24699
8067,91.90516
8068,90.32452
8070,92.3245
8071,110.49548
8072,92.19582
8076,92.07233
8080,92.08726
8081,110.84795
8084,101.40912
8087,110.38911
8089,91.668205
8090,114.23186
8091,101.977
8094,110.98102
8100,91.88741
8101,92.964836
8110,92.67109
8111,109.522896
8112,92.76115
8115,112.21798
8116,92.22765
8118,110.398476
8121,114.03251
8125,110.24539
8127,110.40563
8128,92.090195
8129,109.51062
8131,93.051674
8138,92.70481
8139,101.67601
8140,91.874756
8141,91.98417
8142,110.50681
8143,110.21385
8145,110.3309
8146,91.745346
8148,110.358
8153,110.496376
8154,91.595634
8155,112.701515
8161,90.83838
8162,110.38779
8163,91.94343
8166,110.40806
8168,110.42554
8170,92.18971
8172,109.522896
8173,91.84935
8176,101.93621
8179,92.265045
8181,92.393425
8182,113.89877
8184,110.49891
8190,102.151184
8191,92.74094
8194,110.06612
8196,111.01918
8198,110.42838
8199,110.4831
8201,110.45161
8202,91.81673
8207,93.014854
8208,109.51062
8211,110.435486
8214,109.68355
8217,92.28185
8218,110.85789
8222,92.37734
8229,102.86261
8231,92.174194
8233,93.06406
8236,92.281235
8238,110.45276
8240,101.29492
8243,102.93528
8246,110.21738
8250,92.12775
8254,92.9761
8256,77.64244
8257,110.12907
8258,92.1473
8260,92.29994
8261,110.4889
8263,112.90721
8264,92.63411
8267,110.22369
8268,92.10377
8271,92.05604
8272,109.51062
8275,92.18989
8276,92.96444
8277,103.2335
8278,113.86673
8279,92.12665
8280,110.296394
8281,92.471306
8282,110.11001
8287,110.5833
8288,91.84935
8289,110.45276
8294,91.97807
8296,91.99689
8299,110.2762
8302,101.944374
8308,110.28609
8314,102.2781
8315,93.014145
8316,110.39884
8317,92.17964
8319,110.65424
8320,91.59022
8321,114.03251
8323,92.40228
8325,90.73487
8326,110.41937
8328,109.522896
8330,111.42415
8331,91.93795
8332,111.112335
8334,92.69831
8338,91.95615
8339,93.0243
8341,92.08603
8345,110.4831
8346,92.393425
8347,102.27371
8349,92.51047
8351,90.83838
8352,110.55467
8353,109.522896
8355,110.03946
8358,109.42074
8359,111.27787
8360,92.17604
8361,110.45145
8363,102.26098
8364,92.12212
8365,93.102936
8366,101.65977
8370,110.27168
8372,90.68474
8376,92.9409
8377,110.12481
8379,110.27094
8380,92.09727
8381,111.6183
8386,91.60074
8388,101.564705
8389,92.342285
8391,110.4574
8394,92.9761
8396,102.2583
8398,101.68565
8400,110.61299
8401,91.90481
8404,92.08603
8407,92.80193
8408,110.39837
8409,110.48974
8410,102.2583
8411,91.981316
8413,92.07698
8414,110.44249
8416,91.86021
